<?xml version="1.0" encoding="ISO-8859-1"?>
<!--
 Licensed to the Apache Software Foundation (ASF) under one or more
 contributor license agreements.  See the NOTICE file distributed with
 this work for additional information regarding copyright ownership.
 The ASF licenses this file to You under the Apache License, Version 2.0
 (the "License"); you may not use this file except in compliance with
 the License.  You may obtain a copy of the License at

      http://www.apache.org/licenses/LICENSE-2.0

 Unless required by applicable law or agreed to in writing, software
 distributed under the License is distributed on an "AS IS" BASIS,
 WITHOUT WARRANTIES OR CONDITIONS OF ANY KIND, either express or implied.
 See the License for the specific language governing permissions and
 limitations under the License.
-->
<project name="FileUpload" xmlns="http://maven.apache.org/DECORATION/1.1.0" xmlns:xsi="http://www.w3.org/2001/XMLSchema-instance"
  xsi:schemaLocation="http://maven.apache.org/DECORATION/1.1.0 http://maven.apache.org/xsd/decoration-1.1.0.xsd">

  <bannerRight>
    <name>Commons FileUpload</name>
    <src>/images/logo.png</src>
    <href>/index.html</href>
  </bannerRight>

  <body>
    <menu name="Commons FileUpload">
      <item name="Overview"                 href="./index.html" />
      <item name="User guide"               href="./using.html" />
      <item name="Migration"                href="./migration.html"/>
      <item name="Streaming API"            href="./streaming.html" />
      <item name="FAQ"                      href="./faq.html" />
      <item name="Javadoc (Latest release)" href="./javadocs/api-release/index.html" />
      <item name="Download"                 href="./download_fileupload.cgi" />
      <item name="Security Reports"         href="./security-reports.html"/>
      <item name="Mailing lists"            href="./mail-lists.html" />
      <item name="Issue Tracking"           href="./issue-tracking.html" />
      <item name="Team"                     href="./team.html" />
      <item name="Source repository"        href="./scm.html" />
    </menu>
  </body>

</project>
