<?xml version="1.0" encoding="UTF-8"?>
<!--
   Licensed to the Apache Software Foundation (ASF) under one or more
   contributor license agreements.  See the NOTICE file distributed with
   this work for additional information regarding copyright ownership.
   The ASF licenses this file to You under the Apache License, Version 2.0
   (the "License"); you may not use this file except in compliance with
   the License.  You may obtain a copy of the License at

        http://www.apache.org/licenses/LICENSE-2.0

   Unless required by applicable law or agreed to in writing, software
   distributed under the License is distributed on an "AS IS" BASIS,
   WITHOUT WARRANTIES OR CONDITIONS OF ANY KIND, either express or implied.
   See the License for the specific language governing permissions and
   limitations under the License.
-->
<!DOCTYPE properties SYSTEM "http://java.sun.com/dtd/properties.dtd">
<properties>
	<entry key="Required">Поле '${label}' обязательно для ввода.</entry>
	<entry key="IConverter">'${label}' должно соответствовать типу ${type}.</entry>
	<entry key="RangeValidator.range">'${label}' не находится между ${minimum} и ${maximum}.</entry>
	<entry key="RangeValidator.minimum">'${label}' меньше минимального значения ${minimum}.</entry>
	<entry key="RangeValidator.maximum">'${label}' больше максимального значения ${maximum}.</entry>

	<entry key="StringValidator.range">Количество символов в '${label}' не между ${minimum} и ${maximum}.</entry>
	<entry key="StringValidator.minimum">Количество символов в '${label}' меньше ${minimum}.</entry>
	<entry key="StringValidator.maximum">Количество символов в '${label}' больше ${maximum}.</entry>
	<entry key="StringValidator.exact">Количество символов в '${label}' не равно ${exact}.</entry>

	<entry key="DateValidator.range">'${label}' не находится между ${minimum} и ${maximum}.</entry>
	<entry key="DateValidator.minimum">'${label}' меньше минимального значения ${minimum}.</entry>
	<entry key="DateValidator.maximum">'${label}' больше максимального значения ${maximum}.</entry>

	<entry key="NumberValidator.positive">'${label}' не является положительным числом.</entry>
	<entry key="NumberValidator.negative">'${label}' не является отрицательным числом.</entry>
	<entry key="NumberValidator.range">'${label}' не находится между ${minimum} и ${maximum}.</entry>
	<entry key="NumberValidator.minimum">'${label}' меньше минимального значения ${minimum}.</entry>
	<entry key="NumberValidator.maximum">'${label}' больше максимального значения ${maximum}.</entry>

	<entry key="PatternValidator">'${label}' не соответствует шаблону '${pattern}'.</entry>
	<entry key="EmailAddressValidator">'${label}' не является правильным адресом e-mail.</entry>
	<entry key="CreditCardValidator">Неправильный номер пластиковой карты.</entry>
	<entry key="UrlValidator">'${label}' не является правильным адресом URL.</entry>

	<entry key="EqualInputValidator">'${input0}' из поля ${label0} и '${input1}' из поля ${label1} не совпадают.</entry>
	<entry key="EqualPasswordInputValidator">Значения в полях ${label0} и ${label1} не совпадают.</entry>

	<entry key="null">Выберите значение</entry>
	<entry key="nullValid"></entry>

	<entry key="PagingNavigator.first">Перейти на первую страницу</entry>
	<entry key="PagingNavigator.previous">Перейти на предыдущую страницу</entry>
	<entry key="PagingNavigator.next">Перейти на следующую страницу</entry>
	<entry key="PagingNavigator.last">Перейти на последнюю страницу</entry>
	<entry key="PagingNavigation.page">Перейти на страницу ${page}</entry>

	<entry key="org.apache.wicket.mfu.caption.unlimited">Файлы:</entry>
	<entry key="org.apache.wicket.mfu.caption.limited">Файлы (всего не больше ${max}): </entry>

	<entry key="uploadTooLarge">Размер файла не должен превышать ${maxSize}.</entry>
	<entry key="uploadTooManyFiles">Количество загружаемых файлов не должно превышать ${fileCountMax}.</entry>

	<entry key="uploadFailed">Ошибка загрузки файла на сервер: ${exception.localizedMessage}.</entry>
</properties>